K,alpha,oracle_calls,approximation,p_values
1,0.1,1,0.769987529444364,[np.float64(-1.079)]
2,0.75,7,0.9615658339855934,"[np.float64(-8.638), np.float64(-0.205)]"
3,0.9,26,0.9615658339855934,"[np.float64(-23.585), np.float64(-1.305), np.float64(-0.729)]"
4,0.9500000000000001,66,0.9967227052010198,"[np.float64(-48.445), np.float64(-1.704), np.float64(-1.07), np.float64(0.872)]"
5,0.99,511,1.0,"[np.float64(-247.246), np.float64(-1.95), np.float64(-1.217), np.float64(0.828), np.float64(0.944)]"
