K,alpha,oracle_calls,approximation,p_values
1,0.1,1,0.8251608234515881,[np.float64(-1.079)]
2,0.75,7,0.9258658254871585,"[np.float64(-8.638), np.float64(-0.205)]"
3,0.8500000000000001,14,0.9577486824546618,"[np.float64(-15.29), np.float64(-1.036), np.float64(0.491)]"
4,0.9,24,0.999051173790108,"[np.float64(-23.585), np.float64(-5.146), np.float64(-0.537), np.float64(0.712)]"
